names,timestamp,id_can,prioridade,dado
VENTOR_LINEAR_ACC_X,1771300369.5116556,0x001,3,4889500.00 Linear acceleration in x
VENTOR_ANGULAR_SPEED_X,1771300369.5116556,0x001,3,0.00 Angular speed in x
VENTOR_LINEAR_ACC_Y,1771300369.5116556,0x001,3,5631900.00 Linear acceleration in y
VENTOR_ANGULAR_SPEED_Y,1771300369.5116556,0x001,3,0.00 Angular speed in y
VENTOR_LINEAR_ACC_X,1771300369.5217648,0x001,3,4889500.00 Linear acceleration in x
VENTOR_ANGULAR_SPEED_X,1771300369.5217648,0x001,3,0.00 Angular speed in x
VENTOR_LINEAR_ACC_Y,1771300369.5217648,0x001,3,5631900.00 Linear acceleration in y
VENTOR_ANGULAR_SPEED_Y,1771300369.5217648,0x001,3,0.00 Angular speed in y
VENTOR_LINEAR_ACC_X,1771300369.531849,0x001,3,4889500.00 Linear acceleration in x
VENTOR_ANGULAR_SPEED_X,1771300369.531849,0x001,3,0.00 Angular speed in x
VENTOR_LINEAR_ACC_Y,1771300369.531849,0x001,3,5631900.00 Linear acceleration in y
VENTOR_ANGULAR_SPEED_Y,1771300369.531849,0x001,3,0.00 Angular speed in y
VENTOR_LINEAR_ACC_X,1771300369.5419493,0x001,3,4889500.00 Linear acceleration in x
VENTOR_ANGULAR_SPEED_X,1771300369.5419493,0x001,3,0.00 Angular speed in x
VENTOR_LINEAR_ACC_Y,1771300369.5419493,0x001,3,5631900.00 Linear acceleration in y
VENTOR_ANGULAR_SPEED_Y,1771300369.5419493,0x001,3,0.00 Angular speed in y
VENTOR_LINEAR_ACC_X,1771300369.5520525,0x001,3,4889500.00 Linear acceleration in x
VENTOR_ANGULAR_SPEED_X,1771300369.5520525,0x001,3,0.00 Angular speed in x
VENTOR_LINEAR_ACC_Y,1771300369.5520525,0x001,3,5631900.00 Linear acceleration in y
VENTOR_ANGULAR_SPEED_Y,1771300369.5520525,0x001,3,0.00 Angular speed in y
VENTOR_LINEAR_ACC_X,1771300369.5624187,0x001,3,4889500.00 Linear acceleration in x
VENTOR_ANGULAR_SPEED_X,1771300369.5624187,0x001,3,0.00 Angular speed in x
VENTOR_LINEAR_ACC_Y,1771300369.5624187,0x001,3,5631900.00 Linear acceleration in y
VENTOR_ANGULAR_SPEED_Y,1771300369.5624187,0x001,3,0.00 Angular speed in y
VENTOR_LINEAR_ACC_X,1771300369.573047,0x001,3,4889500.00 Linear acceleration in x
VENTOR_ANGULAR_SPEED_X,1771300369.573047,0x001,3,0.00 Angular speed in x
VENTOR_LINEAR_ACC_Y,1771300369.573047,0x001,3,5631900.00 Linear acceleration in y
VENTOR_ANGULAR_SPEED_Y,1771300369.573047,0x001,3,0.00 Angular speed in y
VENTOR_LINEAR_ACC_X,1771300369.5832486,0x001,3,4889500.00 Linear acceleration in x
VENTOR_ANGULAR_SPEED_X,1771300369.5832486,0x001,3,0.00 Angular speed in x
VENTOR_LINEAR_ACC_Y,1771300369.5832486,0x001,3,5631900.00 Linear acceleration in y
VENTOR_ANGULAR_SPEED_Y,1771300369.5832486,0x001,3,0.00 Angular speed in y
VENTOR_LINEAR_ACC_X,1771300369.5933475,0x001,3,4889500.00 Linear acceleration in x
VENTOR_ANGULAR_SPEED_X,1771300369.5933475,0x001,3,0.00 Angular speed in x
VENTOR_LINEAR_ACC_Y,1771300369.5933475,0x001,3,5631900.00 Linear acceleration in y
VENTOR_ANGULAR_SPEED_Y,1771300369.5933475,0x001,3,0.00 Angular speed in y
VENTOR_LINEAR_ACC_X,1771300369.6034393,0x001,3,4889500.00 Linear acceleration in x
VENTOR_ANGULAR_SPEED_X,1771300369.6034393,0x001,3,0.00 Angular speed in x
VENTOR_LINEAR_ACC_Y,1771300369.6034393,0x001,3,5631900.00 Linear acceleration in y
VENTOR_ANGULAR_SPEED_Y,1771300369.6034393,0x001,3,0.00 Angular speed in y
VENTOR_LINEAR_ACC_X,1771300369.6135974,0x001,3,4889500.00 Linear acceleration in x
VENTOR_ANGULAR_SPEED_X,1771300369.6135974,0x001,3,0.00 Angular speed in x
VENTOR_LINEAR_ACC_Y,1771300369.6135974,0x001,3,5631900.00 Linear acceleration in y
VENTOR_ANGULAR_SPEED_Y,1771300369.6135974,0x001,3,0.00 Angular speed in y
VENTOR_LINEAR_ACC_X,1771300369.6237757,0x001,3,4889500.00 Linear acceleration in x
VENTOR_ANGULAR_SPEED_X,1771300369.6237757,0x001,3,0.00 Angular speed in x
VENTOR_LINEAR_ACC_Y,1771300369.6237757,0x001,3,5631900.00 Linear acceleration in y
VENTOR_ANGULAR_SPEED_Y,1771300369.6237757,0x001,3,0.00 Angular speed in y
VENTOR_LINEAR_ACC_X,1771300369.633783,0x001,3,4889500.00 Linear acceleration in x
VENTOR_ANGULAR_SPEED_X,1771300369.633783,0x001,3,0.00 Angular speed in x
VENTOR_LINEAR_ACC_Y,1771300369.633783,0x001,3,5631900.00 Linear acceleration in y
VENTOR_ANGULAR_SPEED_Y,1771300369.633783,0x001,3,0.00 Angular speed in y
VENTOR_LINEAR_ACC_X,1771300369.6438775,0x001,3,4889500.00 Linear acceleration in x
VENTOR_ANGULAR_SPEED_X,1771300369.6438775,0x001,3,0.00 Angular speed in x
VENTOR_LINEAR_ACC_Y,1771300369.6438775,0x001,3,5631900.00 Linear acceleration in y
VENTOR_ANGULAR_SPEED_Y,1771300369.6438775,0x001,3,0.00 Angular speed in y
VENTOR_LINEAR_ACC_X,1771300369.6539829,0x001,3,4889500.00 Linear acceleration in x
VENTOR_ANGULAR_SPEED_X,1771300369.6539829,0x001,3,0.00 Angular speed in x
VENTOR_LINEAR_ACC_Y,1771300369.6539829,0x001,3,5631900.00 Linear acceleration in y
VENTOR_ANGULAR_SPEED_Y,1771300369.6539829,0x001,3,0.00 Angular speed in y
VENTOR_LINEAR_ACC_X,1771300369.6641252,0x001,3,4889500.00 Linear acceleration in x
VENTOR_ANGULAR_SPEED_X,1771300369.6641252,0x001,3,0.00 Angular speed in x
VENTOR_LINEAR_ACC_Y,1771300369.6641252,0x001,3,5631900.00 Linear acceleration in y
VENTOR_ANGULAR_SPEED_Y,1771300369.6641252,0x001,3,0.00 Angular speed in y
VENTOR_LINEAR_ACC_X,1771300369.6742148,0x001,3,4889500.00 Linear acceleration in x
VENTOR_ANGULAR_SPEED_X,1771300369.6742148,0x001,3,0.00 Angular speed in x
VENTOR_LINEAR_ACC_Y,1771300369.6742148,0x001,3,5631900.00 Linear acceleration in y
VENTOR_ANGULAR_SPEED_Y,1771300369.6742148,0x001,3,0.00 Angular speed in y
VENTOR_LINEAR_ACC_X,1771300369.6843152,0x001,3,4863900.00 Linear acceleration in x
VENTOR_ANGULAR_SPEED_X,1771300369.6843152,0x001,3,0.00 Angular speed in x
VENTOR_LINEAR_ACC_Y,1771300369.6843152,0x001,3,5631900.00 Linear acceleration in y
VENTOR_ANGULAR_SPEED_Y,1771300369.6843152,0x001,3,0.00 Angular speed in y
VENTOR_LINEAR_ACC_X,1771300369.6944222,0x001,3,4889500.00 Linear acceleration in x
VENTOR_ANGULAR_SPEED_X,1771300369.6944222,0x001,3,0.00 Angular speed in x
VENTOR_LINEAR_ACC_Y,1771300369.6944222,0x001,3,5631900.00 Linear acceleration in y
VENTOR_ANGULAR_SPEED_Y,1771300369.6944222,0x001,3,0.00 Angular speed in y
VENTOR_LINEAR_ACC_X,1771300369.7053816,0x001,3,4889500.00 Linear acceleration in x
VENTOR_ANGULAR_SPEED_X,1771300369.7053816,0x001,3,0.00 Angular speed in x
VENTOR_LINEAR_ACC_Y,1771300369.7053816,0x001,3,5631900.00 Linear acceleration in y
VENTOR_ANGULAR_SPEED_Y,1771300369.7053816,0x001,3,0.00 Angular speed in y
VENTOR_LINEAR_ACC_X,1771300369.715499,0x001,3,4889500.00 Linear acceleration in x
VENTOR_ANGULAR_SPEED_X,1771300369.715499,0x001,3,0.00 Angular speed in x
VENTOR_LINEAR_ACC_Y,1771300369.715499,0x001,3,5631900.00 Linear acceleration in y
VENTOR_ANGULAR_SPEED_Y,1771300369.715499,0x001,3,0.00 Angular speed in y
VENTOR_LINEAR_ACC_X,1771300369.7256086,0x001,3,4889500.00 Linear acceleration in x
VENTOR_ANGULAR_SPEED_X,1771300369.7256086,0x001,3,0.00 Angular speed in x
VENTOR_LINEAR_ACC_Y,1771300369.7256086,0x001,3,5631900.00 Linear acceleration in y
VENTOR_ANGULAR_SPEED_Y,1771300369.7256086,0x001,3,0.00 Angular speed in y
VENTOR_LINEAR_ACC_X,1771300369.7357173,0x001,3,4863900.00 Linear acceleration in x
VENTOR_ANGULAR_SPEED_X,1771300369.7357173,0x001,3,0.00 Angular speed in x
VENTOR_LINEAR_ACC_Y,1771300369.7357173,0x001,3,5631900.00 Linear acceleration in y
VENTOR_ANGULAR_SPEED_Y,1771300369.7357173,0x001,3,0.00 Angular speed in y
VENTOR_LINEAR_ACC_X,1771300369.7458167,0x001,3,4889500.00 Linear acceleration in x
VENTOR_ANGULAR_SPEED_X,1771300369.7458167,0x001,3,0.00 Angular speed in x
VENTOR_LINEAR_ACC_Y,1771300369.7458167,0x001,3,5631900.00 Linear acceleration in y
VENTOR_ANGULAR_SPEED_Y,1771300369.7458167,0x001,3,0.00 Angular speed in y
VENTOR_LINEAR_ACC_X,1771300369.755935,0x001,3,4889500.00 Linear acceleration in x
VENTOR_ANGULAR_SPEED_X,1771300369.755935,0x001,3,0.00 Angular speed in x
VENTOR_LINEAR_ACC_Y,1771300369.755935,0x001,3,5631900.00 Linear acceleration in y
VENTOR_ANGULAR_SPEED_Y,1771300369.755935,0x001,3,0.00 Angular speed in y
VENTOR_LINEAR_ACC_X,1771300369.766036,0x001,3,4889500.00 Linear acceleration in x
VENTOR_ANGULAR_SPEED_X,1771300369.766036,0x001,3,0.00 Angular speed in x
VENTOR_LINEAR_ACC_Y,1771300369.766036,0x001,3,5631900.00 Linear acceleration in y
VENTOR_ANGULAR_SPEED_Y,1771300369.766036,0x001,3,0.00 Angular speed in y
VENTOR_LINEAR_ACC_X,1771300369.7761471,0x001,3,4889500.00 Linear acceleration in x
VENTOR_ANGULAR_SPEED_X,1771300369.7761471,0x001,3,0.00 Angular speed in x
VENTOR_LINEAR_ACC_Y,1771300369.7761471,0x001,3,5631900.00 Linear acceleration in y
VENTOR_ANGULAR_SPEED_Y,1771300369.7761471,0x001,3,0.00 Angular speed in y
VENTOR_LINEAR_ACC_X,1771300369.7862632,0x001,3,4889500.00 Linear acceleration in x
VENTOR_ANGULAR_SPEED_X,1771300369.7862632,0x001,3,0.00 Angular speed in x
VENTOR_LINEAR_ACC_Y,1771300369.7862632,0x001,3,5631900.00 Linear acceleration in y
VENTOR_ANGULAR_SPEED_Y,1771300369.7862632,0x001,3,0.00 Angular speed in y
VENTOR_LINEAR_ACC_X,1771300369.796366,0x001,3,4889500.00 Linear acceleration in x
VENTOR_ANGULAR_SPEED_X,1771300369.796366,0x001,3,0.00 Angular speed in x
VENTOR_LINEAR_ACC_Y,1771300369.796366,0x001,3,5631900.00 Linear acceleration in y
VENTOR_ANGULAR_SPEED_Y,1771300369.796366,0x001,3,0.00 Angular speed in y
VENTOR_LINEAR_ACC_X,1771300369.8064616,0x001,3,4889500.00 Linear acceleration in x
VENTOR_ANGULAR_SPEED_X,1771300369.8064616,0x001,3,0.00 Angular speed in x
VENTOR_LINEAR_ACC_Y,1771300369.8064616,0x001,3,5631900.00 Linear acceleration in y
VENTOR_ANGULAR_SPEED_Y,1771300369.8064616,0x001,3,0.00 Angular speed in y
VENTOR_LINEAR_ACC_X,1771300369.816611,0x001,3,4889500.00 Linear acceleration in x
VENTOR_ANGULAR_SPEED_X,1771300369.816611,0x001,3,0.00 Angular speed in x
VENTOR_LINEAR_ACC_Y,1771300369.816611,0x001,3,5631900.00 Linear acceleration in y
VENTOR_ANGULAR_SPEED_Y,1771300369.816611,0x001,3,0.00 Angular speed in y
VENTOR_LINEAR_ACC_X,1771300369.826688,0x001,3,4889500.00 Linear acceleration in x
VENTOR_ANGULAR_SPEED_X,1771300369.826688,0x001,3,0.00 Angular speed in x
VENTOR_LINEAR_ACC_Y,1771300369.826688,0x001,3,5631900.00 Linear acceleration in y
VENTOR_ANGULAR_SPEED_Y,1771300369.826688,0x001,3,0.00 Angular speed in y
VENTOR_LINEAR_ACC_X,1771300369.836811,0x001,3,4889500.00 Linear acceleration in x
VENTOR_ANGULAR_SPEED_X,1771300369.836811,0x001,3,0.00 Angular speed in x
VENTOR_LINEAR_ACC_Y,1771300369.836811,0x001,3,5631900.00 Linear acceleration in y
VENTOR_ANGULAR_SPEED_Y,1771300369.836811,0x001,3,0.00 Angular speed in y
VENTOR_LINEAR_ACC_X,1771300369.846908,0x001,3,4889500.00 Linear acceleration in x
VENTOR_ANGULAR_SPEED_X,1771300369.846908,0x001,3,0.00 Angular speed in x
VENTOR_LINEAR_ACC_Y,1771300369.846908,0x001,3,5631900.00 Linear acceleration in y
VENTOR_ANGULAR_SPEED_Y,1771300369.846908,0x001,3,0.00 Angular speed in y
VENTOR_LINEAR_ACC_X,1771300369.8570125,0x001,3,4889500.00 Linear acceleration in x
VENTOR_ANGULAR_SPEED_X,1771300369.8570125,0x001,3,0.00 Angular speed in x
VENTOR_LINEAR_ACC_Y,1771300369.8570125,0x001,3,5631900.00 Linear acceleration in y
VENTOR_ANGULAR_SPEED_Y,1771300369.8570125,0x001,3,0.00 Angular speed in y
VENTOR_LINEAR_ACC_X,1771300369.8671005,0x001,3,4889500.00 Linear acceleration in x
VENTOR_ANGULAR_SPEED_X,1771300369.8671005,0x001,3,0.00 Angular speed in x
VENTOR_LINEAR_ACC_Y,1771300369.8671005,0x001,3,5631900.00 Linear acceleration in y
VENTOR_ANGULAR_SPEED_Y,1771300369.8671005,0x001,3,0.00 Angular speed in y
VENTOR_LINEAR_ACC_X,1771300369.8778052,0x001,3,4889500.00 Linear acceleration in x
VENTOR_ANGULAR_SPEED_X,1771300369.8778052,0x001,3,0.00 Angular speed in x
VENTOR_LINEAR_ACC_Y,1771300369.8778052,0x001,3,5631900.00 Linear acceleration in y
VENTOR_ANGULAR_SPEED_Y,1771300369.8778052,0x001,3,0.00 Angular speed in y
VENTOR_LINEAR_ACC_X,1771300369.88792,0x001,3,4889500.00 Linear acceleration in x
VENTOR_ANGULAR_SPEED_X,1771300369.88792,0x001,3,0.00 Angular speed in x
VENTOR_LINEAR_ACC_Y,1771300369.88792,0x001,3,5631900.00 Linear acceleration in y
VENTOR_ANGULAR_SPEED_Y,1771300369.88792,0x001,3,0.00 Angular speed in y
VENTOR_LINEAR_ACC_X,1771300369.8980134,0x001,3,4889500.00 Linear acceleration in x
VENTOR_ANGULAR_SPEED_X,1771300369.8980134,0x001,3,0.00 Angular speed in x
VENTOR_LINEAR_ACC_Y,1771300369.8980134,0x001,3,5631900.00 Linear acceleration in y
VENTOR_ANGULAR_SPEED_Y,1771300369.8980134,0x001,3,0.00 Angular speed in y
VENTOR_LINEAR_ACC_X,1771300369.9081013,0x001,3,4889500.00 Linear acceleration in x
VENTOR_ANGULAR_SPEED_X,1771300369.9081013,0x001,3,0.00 Angular speed in x
VENTOR_LINEAR_ACC_Y,1771300369.9081013,0x001,3,5631900.00 Linear acceleration in y
VENTOR_ANGULAR_SPEED_Y,1771300369.9081013,0x001,3,0.00 Angular speed in y
VENTOR_LINEAR_ACC_X,1771300369.9182715,0x001,3,4889500.00 Linear acceleration in x
VENTOR_ANGULAR_SPEED_X,1771300369.9182715,0x001,3,0.00 Angular speed in x
VENTOR_LINEAR_ACC_Y,1771300369.9182715,0x001,3,5631900.00 Linear acceleration in y
VENTOR_ANGULAR_SPEED_Y,1771300369.9182715,0x001,3,0.00 Angular speed in y
VENTOR_LINEAR_ACC_X,1771300369.9283106,0x001,3,4889500.00 Linear acceleration in x
VENTOR_ANGULAR_SPEED_X,1771300369.9283106,0x001,3,0.00 Angular speed in x
VENTOR_LINEAR_ACC_Y,1771300369.9283106,0x001,3,5631900.00 Linear acceleration in y
VENTOR_ANGULAR_SPEED_Y,1771300369.9283106,0x001,3,0.00 Angular speed in y
VENTOR_LINEAR_ACC_X,1771300369.938404,0x001,3,4889500.00 Linear acceleration in x
VENTOR_ANGULAR_SPEED_X,1771300369.938404,0x001,3,0.00 Angular speed in x
VENTOR_LINEAR_ACC_Y,1771300369.938404,0x001,3,5631900.00 Linear acceleration in y
VENTOR_ANGULAR_SPEED_Y,1771300369.938404,0x001,3,0.00 Angular speed in y
VENTOR_LINEAR_ACC_X,1771300369.948551,0x001,3,4889500.00 Linear acceleration in x
VENTOR_ANGULAR_SPEED_X,1771300369.948551,0x001,3,0.00 Angular speed in x
VENTOR_LINEAR_ACC_Y,1771300369.948551,0x001,3,5631900.00 Linear acceleration in y
VENTOR_ANGULAR_SPEED_Y,1771300369.948551,0x001,3,0.00 Angular speed in y
VENTOR_LINEAR_ACC_X,1771300369.9586065,0x001,3,4889500.00 Linear acceleration in x
VENTOR_ANGULAR_SPEED_X,1771300369.9586065,0x001,3,0.00 Angular speed in x
VENTOR_LINEAR_ACC_Y,1771300369.9586065,0x001,3,5631900.00 Linear acceleration in y
VENTOR_ANGULAR_SPEED_Y,1771300369.9586065,0x001,3,0.00 Angular speed in y
VENTOR_LINEAR_ACC_X,1771300369.9686944,0x001,3,4889500.00 Linear acceleration in x
VENTOR_ANGULAR_SPEED_X,1771300369.9686944,0x001,3,0.00 Angular speed in x
VENTOR_LINEAR_ACC_Y,1771300369.9686944,0x001,3,5631900.00 Linear acceleration in y
VENTOR_ANGULAR_SPEED_Y,1771300369.9686944,0x001,3,0.00 Angular speed in y
VENTOR_LINEAR_ACC_X,1771300369.978802,0x001,3,4889500.00 Linear acceleration in x
VENTOR_ANGULAR_SPEED_X,1771300369.978802,0x001,3,0.00 Angular speed in x
VENTOR_LINEAR_ACC_Y,1771300369.978802,0x001,3,5631900.00 Linear acceleration in y
VENTOR_ANGULAR_SPEED_Y,1771300369.978802,0x001,3,0.00 Angular speed in y
VENTOR_LINEAR_ACC_X,1771300369.9888918,0x001,3,4889500.00 Linear acceleration in x
VENTOR_ANGULAR_SPEED_X,1771300369.9888918,0x001,3,0.00 Angular speed in x
VENTOR_LINEAR_ACC_Y,1771300369.9888918,0x001,3,5631900.00 Linear acceleration in y
VENTOR_ANGULAR_SPEED_Y,1771300369.9888918,0x001,3,0.00 Angular speed in y
VENTOR_LINEAR_ACC_X,1771300369.9989796,0x001,3,4889500.00 Linear acceleration in x
VENTOR_ANGULAR_SPEED_X,1771300369.9989796,0x001,3,0.00 Angular speed in x
VENTOR_LINEAR_ACC_Y,1771300369.9989796,0x001,3,5631900.00 Linear acceleration in y
VENTOR_ANGULAR_SPEED_Y,1771300369.9989796,0x001,3,0.00 Angular speed in y
VENTOR_LINEAR_ACC_X,1771300370.0091257,0x001,3,4889500.00 Linear acceleration in x
VENTOR_ANGULAR_SPEED_X,1771300370.0091257,0x001,3,0.00 Angular speed in x
VENTOR_LINEAR_ACC_Y,1771300370.0091257,0x001,3,5631900.00 Linear acceleration in y
VENTOR_ANGULAR_SPEED_Y,1771300370.0091257,0x001,3,0.00 Angular speed in y
VENTOR_LINEAR_ACC_X,1771300370.0191772,0x001,3,4889500.00 Linear acceleration in x
VENTOR_ANGULAR_SPEED_X,1771300370.0191772,0x001,3,0.00 Angular speed in x
VENTOR_LINEAR_ACC_Y,1771300370.0191772,0x001,3,5631900.00 Linear acceleration in y
VENTOR_ANGULAR_SPEED_Y,1771300370.0191772,0x001,3,0.00 Angular speed in y
VENTOR_LINEAR_ACC_X,1771300370.0292666,0x001,3,4889500.00 Linear acceleration in x
VENTOR_ANGULAR_SPEED_X,1771300370.0292666,0x001,3,0.00 Angular speed in x
VENTOR_LINEAR_ACC_Y,1771300370.0292666,0x001,3,5631900.00 Linear acceleration in y
VENTOR_ANGULAR_SPEED_Y,1771300370.0292666,0x001,3,0.00 Angular speed in y
VENTOR_LINEAR_ACC_X,1771300370.0394175,0x001,3,4889500.00 Linear acceleration in x
VENTOR_ANGULAR_SPEED_X,1771300370.0394175,0x001,3,0.00 Angular speed in x
VENTOR_LINEAR_ACC_Y,1771300370.0394175,0x001,3,5631900.00 Linear acceleration in y
VENTOR_ANGULAR_SPEED_Y,1771300370.0394175,0x001,3,0.00 Angular speed in y
VENTOR_LINEAR_ACC_X,1771300370.0504403,0x001,3,4889500.00 Linear acceleration in x
VENTOR_ANGULAR_SPEED_X,1771300370.0504403,0x001,3,0.00 Angular speed in x
VENTOR_LINEAR_ACC_Y,1771300370.0504403,0x001,3,5631900.00 Linear acceleration in y
VENTOR_ANGULAR_SPEED_Y,1771300370.0504403,0x001,3,0.00 Angular speed in y
VENTOR_LINEAR_ACC_X,1771300370.0605686,0x001,3,4889500.00 Linear acceleration in x
VENTOR_ANGULAR_SPEED_X,1771300370.0605686,0x001,3,0.00 Angular speed in x
VENTOR_LINEAR_ACC_Y,1771300370.0605686,0x001,3,5631900.00 Linear acceleration in y
VENTOR_ANGULAR_SPEED_Y,1771300370.0605686,0x001,3,0.00 Angular speed in y
VENTOR_LINEAR_ACC_X,1771300370.070674,0x001,3,4889500.00 Linear acceleration in x
VENTOR_ANGULAR_SPEED_X,1771300370.070674,0x001,3,0.00 Angular speed in x
VENTOR_LINEAR_ACC_Y,1771300370.070674,0x001,3,5631900.00 Linear acceleration in y
VENTOR_ANGULAR_SPEED_Y,1771300370.070674,0x001,3,0.00 Angular speed in y
VENTOR_LINEAR_ACC_X,1771300370.0807528,0x001,3,4889500.00 Linear acceleration in x
VENTOR_ANGULAR_SPEED_X,1771300370.0807528,0x001,3,0.00 Angular speed in x
VENTOR_LINEAR_ACC_Y,1771300370.0807528,0x001,3,5631900.00 Linear acceleration in y
VENTOR_ANGULAR_SPEED_Y,1771300370.0807528,0x001,3,0.00 Angular speed in y
VENTOR_LINEAR_ACC_X,1771300370.09097,0x001,3,4889500.00 Linear acceleration in x
VENTOR_ANGULAR_SPEED_X,1771300370.09097,0x001,3,0.00 Angular speed in x
VENTOR_LINEAR_ACC_Y,1771300370.09097,0x001,3,5631900.00 Linear acceleration in y
VENTOR_ANGULAR_SPEED_Y,1771300370.09097,0x001,3,0.00 Angular speed in y
VENTOR_LINEAR_ACC_X,1771300370.1009748,0x001,3,4889500.00 Linear acceleration in x
VENTOR_ANGULAR_SPEED_X,1771300370.1009748,0x001,3,0.00 Angular speed in x
VENTOR_LINEAR_ACC_Y,1771300370.1009748,0x001,3,5631900.00 Linear acceleration in y
VENTOR_ANGULAR_SPEED_Y,1771300370.1009748,0x001,3,0.00 Angular speed in y
VENTOR_LINEAR_ACC_X,1771300370.1112225,0x001,3,4889500.00 Linear acceleration in x
VENTOR_ANGULAR_SPEED_X,1771300370.1112225,0x001,3,0.00 Angular speed in x
VENTOR_LINEAR_ACC_Y,1771300370.1112225,0x001,3,5631900.00 Linear acceleration in y
VENTOR_ANGULAR_SPEED_Y,1771300370.1112225,0x001,3,0.00 Angular speed in y
VENTOR_LINEAR_ACC_X,1771300370.121295,0x001,3,4889500.00 Linear acceleration in x
VENTOR_ANGULAR_SPEED_X,1771300370.121295,0x001,3,0.00 Angular speed in x
VENTOR_LINEAR_ACC_Y,1771300370.121295,0x001,3,5631900.00 Linear acceleration in y
VENTOR_ANGULAR_SPEED_Y,1771300370.121295,0x001,3,0.00 Angular speed in y
VENTOR_LINEAR_ACC_X,1771300370.1313097,0x001,3,4889500.00 Linear acceleration in x
VENTOR_ANGULAR_SPEED_X,1771300370.1313097,0x001,3,0.00 Angular speed in x
VENTOR_LINEAR_ACC_Y,1771300370.1313097,0x001,3,5631900.00 Linear acceleration in y
VENTOR_ANGULAR_SPEED_Y,1771300370.1313097,0x001,3,0.00 Angular speed in y
VENTOR_LINEAR_ACC_X,1771300370.1414013,0x001,3,4889500.00 Linear acceleration in x
VENTOR_ANGULAR_SPEED_X,1771300370.1414013,0x001,3,0.00 Angular speed in x
VENTOR_LINEAR_ACC_Y,1771300370.1414013,0x001,3,5631900.00 Linear acceleration in y
VENTOR_ANGULAR_SPEED_Y,1771300370.1414013,0x001,3,0.00 Angular speed in y
VENTOR_LINEAR_ACC_X,1771300370.1514947,0x001,3,4889500.00 Linear acceleration in x
VENTOR_ANGULAR_SPEED_X,1771300370.1514947,0x001,3,0.00 Angular speed in x
VENTOR_LINEAR_ACC_Y,1771300370.1514947,0x001,3,5631900.00 Linear acceleration in y
VENTOR_ANGULAR_SPEED_Y,1771300370.1514947,0x001,3,0.00 Angular speed in y
VENTOR_LINEAR_ACC_X,1771300370.1615877,0x001,3,4889500.00 Linear acceleration in x
VENTOR_ANGULAR_SPEED_X,1771300370.1615877,0x001,3,0.00 Angular speed in x
VENTOR_LINEAR_ACC_Y,1771300370.1615877,0x001,3,5631900.00 Linear acceleration in y
VENTOR_ANGULAR_SPEED_Y,1771300370.1615877,0x001,3,0.00 Angular speed in y
VENTOR_LINEAR_ACC_X,1771300370.1716957,0x001,3,4889500.00 Linear acceleration in x
VENTOR_ANGULAR_SPEED_X,1771300370.1716957,0x001,3,0.00 Angular speed in x
VENTOR_LINEAR_ACC_Y,1771300370.1716957,0x001,3,5631900.00 Linear acceleration in y
VENTOR_ANGULAR_SPEED_Y,1771300370.1716957,0x001,3,0.00 Angular speed in y
VENTOR_LINEAR_ACC_X,1771300370.1818087,0x001,3,4889500.00 Linear acceleration in x
VENTOR_ANGULAR_SPEED_X,1771300370.1818087,0x001,3,0.00 Angular speed in x
VENTOR_LINEAR_ACC_Y,1771300370.1818087,0x001,3,5631900.00 Linear acceleration in y
VENTOR_ANGULAR_SPEED_Y,1771300370.1818087,0x001,3,0.00 Angular speed in y
VENTOR_LINEAR_ACC_X,1771300370.192666,0x001,3,4889500.00 Linear acceleration in x
VENTOR_ANGULAR_SPEED_X,1771300370.192666,0x001,3,0.00 Angular speed in x
VENTOR_LINEAR_ACC_Y,1771300370.192666,0x001,3,5631900.00 Linear acceleration in y
VENTOR_ANGULAR_SPEED_Y,1771300370.192666,0x001,3,0.00 Angular speed in y
VENTOR_LINEAR_ACC_X,1771300370.2027674,0x001,3,4889500.00 Linear acceleration in x
VENTOR_ANGULAR_SPEED_X,1771300370.2027674,0x001,3,0.00 Angular speed in x
VENTOR_LINEAR_ACC_Y,1771300370.2027674,0x001,3,5631900.00 Linear acceleration in y
VENTOR_ANGULAR_SPEED_Y,1771300370.2027674,0x001,3,0.00 Angular speed in y
VENTOR_LINEAR_ACC_X,1771300370.2128818,0x001,3,4889500.00 Linear acceleration in x
VENTOR_ANGULAR_SPEED_X,1771300370.2128818,0x001,3,0.00 Angular speed in x
VENTOR_LINEAR_ACC_Y,1771300370.2128818,0x001,3,5631900.00 Linear acceleration in y
VENTOR_ANGULAR_SPEED_Y,1771300370.2128818,0x001,3,0.00 Angular speed in y
VENTOR_LINEAR_ACC_X,1771300370.2229884,0x001,3,4889500.00 Linear acceleration in x
VENTOR_ANGULAR_SPEED_X,1771300370.2229884,0x001,3,0.00 Angular speed in x
VENTOR_LINEAR_ACC_Y,1771300370.2229884,0x001,3,5631900.00 Linear acceleration in y
VENTOR_ANGULAR_SPEED_Y,1771300370.2229884,0x001,3,0.00 Angular speed in y
VENTOR_LINEAR_ACC_X,1771300370.2330842,0x001,3,4889500.00 Linear acceleration in x
VENTOR_ANGULAR_SPEED_X,1771300370.2330842,0x001,3,0.00 Angular speed in x
VENTOR_LINEAR_ACC_Y,1771300370.2330842,0x001,3,5631900.00 Linear acceleration in y
VENTOR_ANGULAR_SPEED_Y,1771300370.2330842,0x001,3,0.00 Angular speed in y
VENTOR_LINEAR_ACC_X,1771300370.2431836,0x001,3,4889500.00 Linear acceleration in x
VENTOR_ANGULAR_SPEED_X,1771300370.2431836,0x001,3,0.00 Angular speed in x
VENTOR_LINEAR_ACC_Y,1771300370.2431836,0x001,3,5631900.00 Linear acceleration in y
VENTOR_ANGULAR_SPEED_Y,1771300370.2431836,0x001,3,0.00 Angular speed in y
VENTOR_LINEAR_ACC_X,1771300370.2532766,0x001,3,4889500.00 Linear acceleration in x
VENTOR_ANGULAR_SPEED_X,1771300370.2532766,0x001,3,0.00 Angular speed in x
VENTOR_LINEAR_ACC_Y,1771300370.2532766,0x001,3,5631900.00 Linear acceleration in y
VENTOR_ANGULAR_SPEED_Y,1771300370.2532766,0x001,3,0.00 Angular speed in y
VENTOR_LINEAR_ACC_X,1771300370.2633767,0x001,3,4889500.00 Linear acceleration in x
VENTOR_ANGULAR_SPEED_X,1771300370.2633767,0x001,3,0.00 Angular speed in x
VENTOR_LINEAR_ACC_Y,1771300370.2633767,0x001,3,5631900.00 Linear acceleration in y
VENTOR_ANGULAR_SPEED_Y,1771300370.2633767,0x001,3,0.00 Angular speed in y
VENTOR_LINEAR_ACC_X,1771300370.2734616,0x001,3,4889500.00 Linear acceleration in x
VENTOR_ANGULAR_SPEED_X,1771300370.2734616,0x001,3,0.00 Angular speed in x
VENTOR_LINEAR_ACC_Y,1771300370.2734616,0x001,3,5631900.00 Linear acceleration in y
VENTOR_ANGULAR_SPEED_Y,1771300370.2734616,0x001,3,0.00 Angular speed in y
VENTOR_LINEAR_ACC_X,1771300370.2835534,0x001,3,4889500.00 Linear acceleration in x
VENTOR_ANGULAR_SPEED_X,1771300370.2835534,0x001,3,0.00 Angular speed in x
VENTOR_LINEAR_ACC_Y,1771300370.2835534,0x001,3,5631900.00 Linear acceleration in y
VENTOR_ANGULAR_SPEED_Y,1771300370.2835534,0x001,3,0.00 Angular speed in y
VENTOR_LINEAR_ACC_X,1771300370.2937303,0x001,3,4889500.00 Linear acceleration in x
VENTOR_ANGULAR_SPEED_X,1771300370.2937303,0x001,3,0.00 Angular speed in x
VENTOR_LINEAR_ACC_Y,1771300370.2937303,0x001,3,5631900.00 Linear acceleration in y
VENTOR_ANGULAR_SPEED_Y,1771300370.2937303,0x001,3,0.00 Angular speed in y
VENTOR_LINEAR_ACC_X,1771300370.3037887,0x001,3,4889500.00 Linear acceleration in x
VENTOR_ANGULAR_SPEED_X,1771300370.3037887,0x001,3,0.00 Angular speed in x
VENTOR_LINEAR_ACC_Y,1771300370.3037887,0x001,3,5631900.00 Linear acceleration in y
VENTOR_ANGULAR_SPEED_Y,1771300370.3037887,0x001,3,0.00 Angular speed in y
VENTOR_LINEAR_ACC_X,1771300370.3138728,0x001,3,4889500.00 Linear acceleration in x
VENTOR_ANGULAR_SPEED_X,1771300370.3138728,0x001,3,0.00 Angular speed in x
VENTOR_LINEAR_ACC_Y,1771300370.3138728,0x001,3,5631900.00 Linear acceleration in y
VENTOR_ANGULAR_SPEED_Y,1771300370.3138728,0x001,3,0.00 Angular speed in y
VENTOR_LINEAR_ACC_X,1771300370.323981,0x001,3,4889500.00 Linear acceleration in x
VENTOR_ANGULAR_SPEED_X,1771300370.323981,0x001,3,0.00 Angular speed in x
VENTOR_LINEAR_ACC_Y,1771300370.323981,0x001,3,5631900.00 Linear acceleration in y
VENTOR_ANGULAR_SPEED_Y,1771300370.323981,0x001,3,0.00 Angular speed in y
VENTOR_LINEAR_ACC_X,1771300370.334107,0x001,3,4889500.00 Linear acceleration in x
VENTOR_ANGULAR_SPEED_X,1771300370.334107,0x001,3,0.00 Angular speed in x
VENTOR_LINEAR_ACC_Y,1771300370.334107,0x001,3,5631900.00 Linear acceleration in y
VENTOR_ANGULAR_SPEED_Y,1771300370.334107,0x001,3,0.00 Angular speed in y
VENTOR_LINEAR_ACC_X,1771300370.3441784,0x001,3,4863900.00 Linear acceleration in x
VENTOR_ANGULAR_SPEED_X,1771300370.3441784,0x001,3,0.00 Angular speed in x
VENTOR_LINEAR_ACC_Y,1771300370.3441784,0x001,3,5631900.00 Linear acceleration in y
VENTOR_ANGULAR_SPEED_Y,1771300370.3441784,0x001,3,0.00 Angular speed in y
VENTOR_LINEAR_ACC_X,1771300370.3544028,0x001,3,4889500.00 Linear acceleration in x
VENTOR_ANGULAR_SPEED_X,1771300370.3544028,0x001,3,0.00 Angular speed in x
VENTOR_LINEAR_ACC_Y,1771300370.3544028,0x001,3,5631900.00 Linear acceleration in y
VENTOR_ANGULAR_SPEED_Y,1771300370.3544028,0x001,3,0.00 Angular speed in y
VENTOR_LINEAR_ACC_X,1771300370.3644907,0x001,3,4889500.00 Linear acceleration in x
VENTOR_ANGULAR_SPEED_X,1771300370.3644907,0x001,3,0.00 Angular speed in x
VENTOR_LINEAR_ACC_Y,1771300370.3644907,0x001,3,5631900.00 Linear acceleration in y
VENTOR_ANGULAR_SPEED_Y,1771300370.3644907,0x001,3,0.00 Angular speed in y
VENTOR_LINEAR_ACC_X,1771300370.3750525,0x001,3,4889500.00 Linear acceleration in x
VENTOR_ANGULAR_SPEED_X,1771300370.3750525,0x001,3,0.00 Angular speed in x
VENTOR_LINEAR_ACC_Y,1771300370.3750525,0x001,3,5631900.00 Linear acceleration in y
VENTOR_ANGULAR_SPEED_Y,1771300370.3750525,0x001,3,0.00 Angular speed in y
VENTOR_LINEAR_ACC_X,1771300370.385413,0x001,3,4889500.00 Linear acceleration in x
VENTOR_ANGULAR_SPEED_X,1771300370.385413,0x001,3,0.00 Angular speed in x
VENTOR_LINEAR_ACC_Y,1771300370.385413,0x001,3,5631900.00 Linear acceleration in y
VENTOR_ANGULAR_SPEED_Y,1771300370.385413,0x001,3,0.00 Angular speed in y
VENTOR_LINEAR_ACC_X,1771300370.3955119,0x001,3,4889500.00 Linear acceleration in x
VENTOR_ANGULAR_SPEED_X,1771300370.3955119,0x001,3,0.00 Angular speed in x
VENTOR_LINEAR_ACC_Y,1771300370.3955119,0x001,3,5631900.00 Linear acceleration in y
VENTOR_ANGULAR_SPEED_Y,1771300370.3955119,0x001,3,0.00 Angular speed in y
VENTOR_LINEAR_ACC_X,1771300370.4055824,0x001,3,4889500.00 Linear acceleration in x
VENTOR_ANGULAR_SPEED_X,1771300370.4055824,0x001,3,0.00 Angular speed in x
VENTOR_LINEAR_ACC_Y,1771300370.4055824,0x001,3,5631900.00 Linear acceleration in y
VENTOR_ANGULAR_SPEED_Y,1771300370.4055824,0x001,3,0.00 Angular speed in y
VENTOR_LINEAR_ACC_X,1771300370.415681,0x001,3,4889500.00 Linear acceleration in x
VENTOR_ANGULAR_SPEED_X,1771300370.415681,0x001,3,0.00 Angular speed in x
VENTOR_LINEAR_ACC_Y,1771300370.415681,0x001,3,5631900.00 Linear acceleration in y
VENTOR_ANGULAR_SPEED_Y,1771300370.415681,0x001,3,0.00 Angular speed in y
VENTOR_LINEAR_ACC_X,1771300370.4257545,0x001,3,4889500.00 Linear acceleration in x
VENTOR_ANGULAR_SPEED_X,1771300370.4257545,0x001,3,0.00 Angular speed in x
VENTOR_LINEAR_ACC_Y,1771300370.4257545,0x001,3,5631900.00 Linear acceleration in y
VENTOR_ANGULAR_SPEED_Y,1771300370.4257545,0x001,3,0.00 Angular speed in y
VENTOR_LINEAR_ACC_X,1771300370.435842,0x001,3,4889500.00 Linear acceleration in x
VENTOR_ANGULAR_SPEED_X,1771300370.435842,0x001,3,0.00 Angular speed in x
VENTOR_LINEAR_ACC_Y,1771300370.435842,0x001,3,5631900.00 Linear acceleration in y
VENTOR_ANGULAR_SPEED_Y,1771300370.435842,0x001,3,0.00 Angular speed in y
VENTOR_LINEAR_ACC_X,1771300370.4459672,0x001,3,4863900.00 Linear acceleration in x
VENTOR_ANGULAR_SPEED_X,1771300370.4459672,0x001,3,0.00 Angular speed in x
VENTOR_LINEAR_ACC_Y,1771300370.4459672,0x001,3,5631900.00 Linear acceleration in y
VENTOR_ANGULAR_SPEED_Y,1771300370.4459672,0x001,3,0.00 Angular speed in y
VENTOR_LINEAR_ACC_X,1771300370.4560199,0x001,3,4889500.00 Linear acceleration in x
VENTOR_ANGULAR_SPEED_X,1771300370.4560199,0x001,3,0.00 Angular speed in x
VENTOR_LINEAR_ACC_Y,1771300370.4560199,0x001,3,5631900.00 Linear acceleration in y
VENTOR_ANGULAR_SPEED_Y,1771300370.4560199,0x001,3,0.00 Angular speed in y
VENTOR_LINEAR_ACC_X,1771300370.4662373,0x001,3,4889500.00 Linear acceleration in x
VENTOR_ANGULAR_SPEED_X,1771300370.4662373,0x001,3,0.00 Angular speed in x
VENTOR_LINEAR_ACC_Y,1771300370.4662373,0x001,3,5631900.00 Linear acceleration in y
VENTOR_ANGULAR_SPEED_Y,1771300370.4662373,0x001,3,0.00 Angular speed in y
VENTOR_LINEAR_ACC_X,1771300370.4762075,0x001,3,4889500.00 Linear acceleration in x
VENTOR_ANGULAR_SPEED_X,1771300370.4762075,0x001,3,0.00 Angular speed in x
VENTOR_LINEAR_ACC_Y,1771300370.4762075,0x001,3,5631900.00 Linear acceleration in y
VENTOR_ANGULAR_SPEED_Y,1771300370.4762075,0x001,3,0.00 Angular speed in y
VENTOR_LINEAR_ACC_X,1771300370.4862936,0x001,3,4863900.00 Linear acceleration in x
VENTOR_ANGULAR_SPEED_X,1771300370.4862936,0x001,3,0.00 Angular speed in x
VENTOR_LINEAR_ACC_Y,1771300370.4862936,0x001,3,5631900.00 Linear acceleration in y
VENTOR_ANGULAR_SPEED_Y,1771300370.4862936,0x001,3,0.00 Angular speed in y
VENTOR_LINEAR_ACC_X,1771300370.496379,0x001,3,4889500.00 Linear acceleration in x
VENTOR_ANGULAR_SPEED_X,1771300370.496379,0x001,3,0.00 Angular speed in x
VENTOR_LINEAR_ACC_Y,1771300370.496379,0x001,3,5606300.00 Linear acceleration in y
VENTOR_ANGULAR_SPEED_Y,1771300370.496379,0x001,3,0.00 Angular speed in y
VENTOR_LINEAR_ACC_X,1771300370.5064824,0x001,3,4889500.00 Linear acceleration in x
VENTOR_ANGULAR_SPEED_X,1771300370.5064824,0x001,3,0.00 Angular speed in x
VENTOR_LINEAR_ACC_Y,1771300370.5064824,0x001,3,5631900.00 Linear acceleration in y
VENTOR_ANGULAR_SPEED_Y,1771300370.5064824,0x001,3,0.00 Angular speed in y
VENTOR_LINEAR_ACC_X,1771300370.5165837,0x001,3,4889500.00 Linear acceleration in x
VENTOR_ANGULAR_SPEED_X,1771300370.5165837,0x001,3,0.00 Angular speed in x
VENTOR_LINEAR_ACC_Y,1771300370.5165837,0x001,3,5631900.00 Linear acceleration in y
VENTOR_ANGULAR_SPEED_Y,1771300370.5165837,0x001,3,0.00 Angular speed in y
VENTOR_LINEAR_ACC_X,1771300370.5266564,0x001,3,4889500.00 Linear acceleration in x
VENTOR_ANGULAR_SPEED_X,1771300370.5266564,0x001,3,0.00 Angular speed in x
VENTOR_LINEAR_ACC_Y,1771300370.5266564,0x001,3,5631900.00 Linear acceleration in y
VENTOR_ANGULAR_SPEED_Y,1771300370.5266564,0x001,3,0.00 Angular speed in y
VENTOR_LINEAR_ACC_X,1771300370.5367568,0x001,3,4889500.00 Linear acceleration in x
VENTOR_ANGULAR_SPEED_X,1771300370.5367568,0x001,3,0.00 Angular speed in x
VENTOR_LINEAR_ACC_Y,1771300370.5367568,0x001,3,5631900.00 Linear acceleration in y
VENTOR_ANGULAR_SPEED_Y,1771300370.5367568,0x001,3,0.00 Angular speed in y
VENTOR_LINEAR_ACC_X,1771300370.5468857,0x001,3,4889500.00 Linear acceleration in x
VENTOR_ANGULAR_SPEED_X,1771300370.5468857,0x001,3,0.00 Angular speed in x
VENTOR_LINEAR_ACC_Y,1771300370.5468857,0x001,3,5631900.00 Linear acceleration in y
VENTOR_ANGULAR_SPEED_Y,1771300370.5468857,0x001,3,0.00 Angular speed in y
VENTOR_LINEAR_ACC_X,1771300370.5576525,0x001,3,4889500.00 Linear acceleration in x
VENTOR_ANGULAR_SPEED_X,1771300370.5576525,0x001,3,0.00 Angular speed in x
VENTOR_LINEAR_ACC_Y,1771300370.5576525,0x001,3,5631900.00 Linear acceleration in y
VENTOR_ANGULAR_SPEED_Y,1771300370.5576525,0x001,3,0.00 Angular speed in y
VENTOR_LINEAR_ACC_X,1771300370.5680459,0x001,3,4889500.00 Linear acceleration in x
VENTOR_ANGULAR_SPEED_X,1771300370.5680459,0x001,3,0.00 Angular speed in x
VENTOR_LINEAR_ACC_Y,1771300370.5680459,0x001,3,5631900.00 Linear acceleration in y
VENTOR_ANGULAR_SPEED_Y,1771300370.5680459,0x001,3,0.00 Angular speed in y
VENTOR_LINEAR_ACC_X,1771300370.5779285,0x001,3,4889500.00 Linear acceleration in x
VENTOR_ANGULAR_SPEED_X,1771300370.5779285,0x001,3,0.00 Angular speed in x
VENTOR_LINEAR_ACC_Y,1771300370.5779285,0x001,3,5631900.00 Linear acceleration in y
VENTOR_ANGULAR_SPEED_Y,1771300370.5779285,0x001,3,0.00 Angular speed in y
VENTOR_LINEAR_ACC_X,1771300370.5880377,0x001,3,4889500.00 Linear acceleration in x
VENTOR_ANGULAR_SPEED_X,1771300370.5880377,0x001,3,0.00 Angular speed in x
VENTOR_LINEAR_ACC_Y,1771300370.5880377,0x001,3,5631900.00 Linear acceleration in y
VENTOR_ANGULAR_SPEED_Y,1771300370.5880377,0x001,3,0.00 Angular speed in y
VENTOR_LINEAR_ACC_X,1771300370.5981297,0x001,3,4889500.00 Linear acceleration in x
VENTOR_ANGULAR_SPEED_X,1771300370.5981297,0x001,3,0.00 Angular speed in x
VENTOR_LINEAR_ACC_Y,1771300370.5981297,0x001,3,5631900.00 Linear acceleration in y
VENTOR_ANGULAR_SPEED_Y,1771300370.5981297,0x001,3,0.00 Angular speed in y
VENTOR_LINEAR_ACC_X,1771300370.6082473,0x001,3,4889500.00 Linear acceleration in x
VENTOR_ANGULAR_SPEED_X,1771300370.6082473,0x001,3,0.00 Angular speed in x
VENTOR_LINEAR_ACC_Y,1771300370.6082473,0x001,3,5631900.00 Linear acceleration in y
VENTOR_ANGULAR_SPEED_Y,1771300370.6082473,0x001,3,0.00 Angular speed in y
VENTOR_LINEAR_ACC_X,1771300370.6183283,0x001,3,4889500.00 Linear acceleration in x
VENTOR_ANGULAR_SPEED_X,1771300370.6183283,0x001,3,0.00 Angular speed in x
VENTOR_LINEAR_ACC_Y,1771300370.6183283,0x001,3,5631900.00 Linear acceleration in y
VENTOR_ANGULAR_SPEED_Y,1771300370.6183283,0x001,3,0.00 Angular speed in y
VENTOR_LINEAR_ACC_X,1771300370.6284344,0x001,3,4889500.00 Linear acceleration in x
VENTOR_ANGULAR_SPEED_X,1771300370.6284344,0x001,3,0.00 Angular speed in x
VENTOR_LINEAR_ACC_Y,1771300370.6284344,0x001,3,5631900.00 Linear acceleration in y
VENTOR_ANGULAR_SPEED_Y,1771300370.6284344,0x001,3,0.00 Angular speed in y
VENTOR_LINEAR_ACC_X,1771300370.638569,0x001,3,4889500.00 Linear acceleration in x
VENTOR_ANGULAR_SPEED_X,1771300370.638569,0x001,3,0.00 Angular speed in x
VENTOR_LINEAR_ACC_Y,1771300370.638569,0x001,3,5631900.00 Linear acceleration in y
VENTOR_ANGULAR_SPEED_Y,1771300370.638569,0x001,3,0.00 Angular speed in y
VENTOR_LINEAR_ACC_X,1771300370.6486137,0x001,3,4889500.00 Linear acceleration in x
VENTOR_ANGULAR_SPEED_X,1771300370.6486137,0x001,3,0.00 Angular speed in x
VENTOR_LINEAR_ACC_Y,1771300370.6486137,0x001,3,5631900.00 Linear acceleration in y
VENTOR_ANGULAR_SPEED_Y,1771300370.6486137,0x001,3,0.00 Angular speed in y
VENTOR_LINEAR_ACC_X,1771300370.6586943,0x001,3,4889500.00 Linear acceleration in x
VENTOR_ANGULAR_SPEED_X,1771300370.6586943,0x001,3,0.00 Angular speed in x
VENTOR_LINEAR_ACC_Y,1771300370.6586943,0x001,3,5631900.00 Linear acceleration in y
VENTOR_ANGULAR_SPEED_Y,1771300370.6586943,0x001,3,0.00 Angular speed in y
VENTOR_LINEAR_ACC_X,1771300370.668792,0x001,3,4889500.00 Linear acceleration in x
VENTOR_ANGULAR_SPEED_X,1771300370.668792,0x001,3,0.00 Angular speed in x
VENTOR_LINEAR_ACC_Y,1771300370.668792,0x001,3,5631900.00 Linear acceleration in y
VENTOR_ANGULAR_SPEED_Y,1771300370.668792,0x001,3,0.00 Angular speed in y
VENTOR_LINEAR_ACC_X,1771300370.6788867,0x001,3,4889500.00 Linear acceleration in x
VENTOR_ANGULAR_SPEED_X,1771300370.6788867,0x001,3,0.00 Angular speed in x
VENTOR_LINEAR_ACC_Y,1771300370.6788867,0x001,3,5631900.00 Linear acceleration in y
VENTOR_ANGULAR_SPEED_Y,1771300370.6788867,0x001,3,0.00 Angular speed in y
VENTOR_LINEAR_ACC_X,1771300370.6889956,0x001,3,4889500.00 Linear acceleration in x
VENTOR_ANGULAR_SPEED_X,1771300370.6889956,0x001,3,0.00 Angular speed in x
VENTOR_LINEAR_ACC_Y,1771300370.6889956,0x001,3,5631900.00 Linear acceleration in y
VENTOR_ANGULAR_SPEED_Y,1771300370.6889956,0x001,3,0.00 Angular speed in y
VENTOR_LINEAR_ACC_X,1771300370.6990793,0x001,3,4889500.00 Linear acceleration in x
VENTOR_ANGULAR_SPEED_X,1771300370.6990793,0x001,3,0.00 Angular speed in x
VENTOR_LINEAR_ACC_Y,1771300370.6990793,0x001,3,5631900.00 Linear acceleration in y
VENTOR_ANGULAR_SPEED_Y,1771300370.6990793,0x001,3,0.00 Angular speed in y
VENTOR_LINEAR_ACC_X,1771300370.7092266,0x001,3,4889500.00 Linear acceleration in x
VENTOR_ANGULAR_SPEED_X,1771300370.7092266,0x001,3,0.00 Angular speed in x
VENTOR_LINEAR_ACC_Y,1771300370.7092266,0x001,3,5631900.00 Linear acceleration in y
VENTOR_ANGULAR_SPEED_Y,1771300370.7092266,0x001,3,0.00 Angular speed in y
VENTOR_LINEAR_ACC_X,1771300370.7192693,0x001,3,4889500.00 Linear acceleration in x
VENTOR_ANGULAR_SPEED_X,1771300370.7192693,0x001,3,0.00 Angular speed in x
VENTOR_LINEAR_ACC_Y,1771300370.7192693,0x001,3,5631900.00 Linear acceleration in y
VENTOR_ANGULAR_SPEED_Y,1771300370.7192693,0x001,3,0.00 Angular speed in y
VENTOR_LINEAR_ACC_X,1771300370.730059,0x001,3,4889500.00 Linear acceleration in x
VENTOR_ANGULAR_SPEED_X,1771300370.730059,0x001,3,0.00 Angular speed in x
VENTOR_LINEAR_ACC_Y,1771300370.730059,0x001,3,5631900.00 Linear acceleration in y
VENTOR_ANGULAR_SPEED_Y,1771300370.730059,0x001,3,0.00 Angular speed in y
VENTOR_LINEAR_ACC_X,1771300370.7401497,0x001,3,4889500.00 Linear acceleration in x
VENTOR_ANGULAR_SPEED_X,1771300370.7401497,0x001,3,0.00 Angular speed in x
VENTOR_LINEAR_ACC_Y,1771300370.7401497,0x001,3,5631900.00 Linear acceleration in y
VENTOR_ANGULAR_SPEED_Y,1771300370.7401497,0x001,3,0.00 Angular speed in y
VENTOR_LINEAR_ACC_X,1771300370.750257,0x001,3,4889500.00 Linear acceleration in x
VENTOR_ANGULAR_SPEED_X,1771300370.750257,0x001,3,0.00 Angular speed in x
VENTOR_LINEAR_ACC_Y,1771300370.750257,0x001,3,5631900.00 Linear acceleration in y
VENTOR_ANGULAR_SPEED_Y,1771300370.750257,0x001,3,0.00 Angular speed in y
VENTOR_LINEAR_ACC_X,1771300370.7603412,0x001,3,4889500.00 Linear acceleration in x
VENTOR_ANGULAR_SPEED_X,1771300370.7603412,0x001,3,0.00 Angular speed in x
VENTOR_LINEAR_ACC_Y,1771300370.7603412,0x001,3,5631900.00 Linear acceleration in y
VENTOR_ANGULAR_SPEED_Y,1771300370.7603412,0x001,3,0.00 Angular speed in y
VENTOR_LINEAR_ACC_X,1771300370.7704303,0x001,3,4889500.00 Linear acceleration in x
VENTOR_ANGULAR_SPEED_X,1771300370.7704303,0x001,3,0.00 Angular speed in x
VENTOR_LINEAR_ACC_Y,1771300370.7704303,0x001,3,5631900.00 Linear acceleration in y
VENTOR_ANGULAR_SPEED_Y,1771300370.7704303,0x001,3,0.00 Angular speed in y
VENTOR_LINEAR_ACC_X,1771300370.780561,0x001,3,4889500.00 Linear acceleration in x
VENTOR_ANGULAR_SPEED_X,1771300370.780561,0x001,3,0.00 Angular speed in x
VENTOR_LINEAR_ACC_Y,1771300370.780561,0x001,3,5631900.00 Linear acceleration in y
VENTOR_ANGULAR_SPEED_Y,1771300370.780561,0x001,3,0.00 Angular speed in y
VENTOR_LINEAR_ACC_X,1771300370.7906091,0x001,3,4889500.00 Linear acceleration in x
VENTOR_ANGULAR_SPEED_X,1771300370.7906091,0x001,3,0.00 Angular speed in x
VENTOR_LINEAR_ACC_Y,1771300370.7906091,0x001,3,5631900.00 Linear acceleration in y
VENTOR_ANGULAR_SPEED_Y,1771300370.7906091,0x001,3,0.00 Angular speed in y
VENTOR_LINEAR_ACC_X,1771300370.8006852,0x001,3,4889500.00 Linear acceleration in x
VENTOR_ANGULAR_SPEED_X,1771300370.8006852,0x001,3,0.00 Angular speed in x
VENTOR_LINEAR_ACC_Y,1771300370.8006852,0x001,3,5631900.00 Linear acceleration in y
VENTOR_ANGULAR_SPEED_Y,1771300370.8006852,0x001,3,0.00 Angular speed in y
VENTOR_LINEAR_ACC_X,1771300370.8107781,0x001,3,4863900.00 Linear acceleration in x
VENTOR_ANGULAR_SPEED_X,1771300370.8107781,0x001,3,0.00 Angular speed in x
VENTOR_LINEAR_ACC_Y,1771300370.8107781,0x001,3,5606300.00 Linear acceleration in y
VENTOR_ANGULAR_SPEED_Y,1771300370.8107781,0x001,3,0.00 Angular speed in y
VENTOR_LINEAR_ACC_X,1771300370.8208408,0x001,3,4889500.00 Linear acceleration in x
VENTOR_ANGULAR_SPEED_X,1771300370.8208408,0x001,3,0.00 Angular speed in x
VENTOR_LINEAR_ACC_Y,1771300370.8208408,0x001,3,5631900.00 Linear acceleration in y
VENTOR_ANGULAR_SPEED_Y,1771300370.8208408,0x001,3,0.00 Angular speed in y
VENTOR_LINEAR_ACC_X,1771300370.8309903,0x001,3,4889500.00 Linear acceleration in x
VENTOR_ANGULAR_SPEED_X,1771300370.8309903,0x001,3,0.00 Angular speed in x
VENTOR_LINEAR_ACC_Y,1771300370.8309903,0x001,3,5631900.00 Linear acceleration in y
VENTOR_ANGULAR_SPEED_Y,1771300370.8309903,0x001,3,0.00 Angular speed in y
VENTOR_LINEAR_ACC_X,1771300370.8410823,0x001,3,4889500.00 Linear acceleration in x
VENTOR_ANGULAR_SPEED_X,1771300370.8410823,0x001,3,0.00 Angular speed in x
VENTOR_LINEAR_ACC_Y,1771300370.8410823,0x001,3,5631900.00 Linear acceleration in y
VENTOR_ANGULAR_SPEED_Y,1771300370.8410823,0x001,3,0.00 Angular speed in y
VENTOR_LINEAR_ACC_X,1771300370.8511677,0x001,3,4889500.00 Linear acceleration in x
VENTOR_ANGULAR_SPEED_X,1771300370.8511677,0x001,3,0.00 Angular speed in x
VENTOR_LINEAR_ACC_Y,1771300370.8511677,0x001,3,5631900.00 Linear acceleration in y
VENTOR_ANGULAR_SPEED_Y,1771300370.8511677,0x001,3,0.00 Angular speed in y
VENTOR_LINEAR_ACC_X,1771300370.86128,0x001,3,4889500.00 Linear acceleration in x
VENTOR_ANGULAR_SPEED_X,1771300370.86128,0x001,3,0.00 Angular speed in x
VENTOR_LINEAR_ACC_Y,1771300370.86128,0x001,3,5631900.00 Linear acceleration in y
VENTOR_ANGULAR_SPEED_Y,1771300370.86128,0x001,3,0.00 Angular speed in y
VENTOR_LINEAR_ACC_X,1771300370.8713899,0x001,3,4889500.00 Linear acceleration in x
VENTOR_ANGULAR_SPEED_X,1771300370.8713899,0x001,3,0.00 Angular speed in x
VENTOR_LINEAR_ACC_Y,1771300370.8713899,0x001,3,5631900.00 Linear acceleration in y
VENTOR_ANGULAR_SPEED_Y,1771300370.8713899,0x001,3,0.00 Angular speed in y
VENTOR_LINEAR_ACC_X,1771300370.881487,0x001,3,4889500.00 Linear acceleration in x
VENTOR_ANGULAR_SPEED_X,1771300370.881487,0x001,3,0.00 Angular speed in x
VENTOR_LINEAR_ACC_Y,1771300370.881487,0x001,3,5631900.00 Linear acceleration in y
VENTOR_ANGULAR_SPEED_Y,1771300370.881487,0x001,3,0.00 Angular speed in y
VENTOR_LINEAR_ACC_X,1771300370.891575,0x001,3,4889500.00 Linear acceleration in x
VENTOR_ANGULAR_SPEED_X,1771300370.891575,0x001,3,0.00 Angular speed in x
VENTOR_LINEAR_ACC_Y,1771300370.891575,0x001,3,5631900.00 Linear acceleration in y
VENTOR_ANGULAR_SPEED_Y,1771300370.891575,0x001,3,0.00 Angular speed in y
VENTOR_LINEAR_ACC_X,1771300370.901699,0x001,3,4889500.00 Linear acceleration in x
VENTOR_ANGULAR_SPEED_X,1771300370.901699,0x001,3,0.00 Angular speed in x
VENTOR_LINEAR_ACC_Y,1771300370.901699,0x001,3,5631900.00 Linear acceleration in y
VENTOR_ANGULAR_SPEED_Y,1771300370.901699,0x001,3,0.00 Angular speed in y
VENTOR_LINEAR_ACC_X,1771300370.9117422,0x001,3,4889500.00 Linear acceleration in x
VENTOR_ANGULAR_SPEED_X,1771300370.9117422,0x001,3,0.00 Angular speed in x
VENTOR_LINEAR_ACC_Y,1771300370.9117422,0x001,3,5631900.00 Linear acceleration in y
VENTOR_ANGULAR_SPEED_Y,1771300370.9117422,0x001,3,0.00 Angular speed in y
VENTOR_LINEAR_ACC_X,1771300370.9218726,0x001,3,4889500.00 Linear acceleration in x
VENTOR_ANGULAR_SPEED_X,1771300370.9218726,0x001,3,0.00 Angular speed in x
VENTOR_LINEAR_ACC_Y,1771300370.9218726,0x001,3,5631900.00 Linear acceleration in y
VENTOR_ANGULAR_SPEED_Y,1771300370.9218726,0x001,3,0.00 Angular speed in y
VENTOR_LINEAR_ACC_X,1771300370.9320102,0x001,3,4889500.00 Linear acceleration in x
VENTOR_ANGULAR_SPEED_X,1771300370.9320102,0x001,3,0.00 Angular speed in x
VENTOR_LINEAR_ACC_Y,1771300370.9320102,0x001,3,5631900.00 Linear acceleration in y
VENTOR_ANGULAR_SPEED_Y,1771300370.9320102,0x001,3,0.00 Angular speed in y
VENTOR_LINEAR_ACC_X,1771300370.9420912,0x001,3,4889500.00 Linear acceleration in x
VENTOR_ANGULAR_SPEED_X,1771300370.9420912,0x001,3,0.00 Angular speed in x
VENTOR_LINEAR_ACC_Y,1771300370.9420912,0x001,3,5631900.00 Linear acceleration in y
VENTOR_ANGULAR_SPEED_Y,1771300370.9420912,0x001,3,0.00 Angular speed in y
VENTOR_LINEAR_ACC_X,1771300370.952747,0x001,3,4889500.00 Linear acceleration in x
VENTOR_ANGULAR_SPEED_X,1771300370.952747,0x001,3,0.00 Angular speed in x
VENTOR_LINEAR_ACC_Y,1771300370.952747,0x001,3,5631900.00 Linear acceleration in y
VENTOR_ANGULAR_SPEED_Y,1771300370.952747,0x001,3,0.00 Angular speed in y
VENTOR_LINEAR_ACC_X,1771300370.9628818,0x001,3,4889500.00 Linear acceleration in x
VENTOR_ANGULAR_SPEED_X,1771300370.9628818,0x001,3,0.00 Angular speed in x
VENTOR_LINEAR_ACC_Y,1771300370.9628818,0x001,3,5631900.00 Linear acceleration in y
VENTOR_ANGULAR_SPEED_Y,1771300370.9628818,0x001,3,0.00 Angular speed in y
VENTOR_LINEAR_ACC_X,1771300370.9729853,0x001,3,4889500.00 Linear acceleration in x
VENTOR_ANGULAR_SPEED_X,1771300370.9729853,0x001,3,0.00 Angular speed in x
VENTOR_LINEAR_ACC_Y,1771300370.9729853,0x001,3,5631900.00 Linear acceleration in y
VENTOR_ANGULAR_SPEED_Y,1771300370.9729853,0x001,3,0.00 Angular speed in y
VENTOR_LINEAR_ACC_X,1771300370.9830766,0x001,3,4889500.00 Linear acceleration in x
VENTOR_ANGULAR_SPEED_X,1771300370.9830766,0x001,3,0.00 Angular speed in x
VENTOR_LINEAR_ACC_Y,1771300370.9830766,0x001,3,5631900.00 Linear acceleration in y
VENTOR_ANGULAR_SPEED_Y,1771300370.9830766,0x001,3,0.00 Angular speed in y
VENTOR_LINEAR_ACC_X,1771300370.9931777,0x001,3,4889500.00 Linear acceleration in x
VENTOR_ANGULAR_SPEED_X,1771300370.9931777,0x001,3,0.00 Angular speed in x
VENTOR_LINEAR_ACC_Y,1771300370.9931777,0x001,3,5631900.00 Linear acceleration in y
VENTOR_ANGULAR_SPEED_Y,1771300370.9931777,0x001,3,0.00 Angular speed in y
VENTOR_LINEAR_ACC_X,1771300371.0032756,0x001,3,4889500.00 Linear acceleration in x
VENTOR_ANGULAR_SPEED_X,1771300371.0032756,0x001,3,0.00 Angular speed in x
VENTOR_LINEAR_ACC_Y,1771300371.0032756,0x001,3,5631900.00 Linear acceleration in y
VENTOR_ANGULAR_SPEED_Y,1771300371.0032756,0x001,3,0.00 Angular speed in y
VENTOR_LINEAR_ACC_X,1771300371.0133758,0x001,3,4889500.00 Linear acceleration in x
VENTOR_ANGULAR_SPEED_X,1771300371.0133758,0x001,3,0.00 Angular speed in x
VENTOR_LINEAR_ACC_Y,1771300371.0133758,0x001,3,5631900.00 Linear acceleration in y
VENTOR_ANGULAR_SPEED_Y,1771300371.0133758,0x001,3,0.00 Angular speed in y
VENTOR_LINEAR_ACC_X,1771300371.023484,0x001,3,4889500.00 Linear acceleration in x
VENTOR_ANGULAR_SPEED_X,1771300371.023484,0x001,3,0.00 Angular speed in x
VENTOR_LINEAR_ACC_Y,1771300371.023484,0x001,3,5631900.00 Linear acceleration in y
VENTOR_ANGULAR_SPEED_Y,1771300371.023484,0x001,3,0.00 Angular speed in y
VENTOR_LINEAR_ACC_X,1771300371.0336208,0x001,3,4889500.00 Linear acceleration in x
VENTOR_ANGULAR_SPEED_X,1771300371.0336208,0x001,3,0.00 Angular speed in x
VENTOR_LINEAR_ACC_Y,1771300371.0336208,0x001,3,5631900.00 Linear acceleration in y
VENTOR_ANGULAR_SPEED_Y,1771300371.0336208,0x001,3,0.00 Angular speed in y
VENTOR_LINEAR_ACC_X,1771300371.0436919,0x001,3,4889500.00 Linear acceleration in x
VENTOR_ANGULAR_SPEED_X,1771300371.0436919,0x001,3,0.00 Angular speed in x
VENTOR_LINEAR_ACC_Y,1771300371.0436919,0x001,3,5631900.00 Linear acceleration in y
VENTOR_ANGULAR_SPEED_Y,1771300371.0436919,0x001,3,0.00 Angular speed in y
VENTOR_LINEAR_ACC_X,1771300371.0537999,0x001,3,4889500.00 Linear acceleration in x
VENTOR_ANGULAR_SPEED_X,1771300371.0537999,0x001,3,0.00 Angular speed in x
VENTOR_LINEAR_ACC_Y,1771300371.0537999,0x001,3,5631900.00 Linear acceleration in y
VENTOR_ANGULAR_SPEED_Y,1771300371.0537999,0x001,3,0.00 Angular speed in y
VENTOR_LINEAR_ACC_X,1771300371.0639248,0x001,3,4889500.00 Linear acceleration in x
VENTOR_ANGULAR_SPEED_X,1771300371.0639248,0x001,3,0.00 Angular speed in x
VENTOR_LINEAR_ACC_Y,1771300371.0639248,0x001,3,5631900.00 Linear acceleration in y
VENTOR_ANGULAR_SPEED_Y,1771300371.0639248,0x001,3,0.00 Angular speed in y
VENTOR_LINEAR_ACC_X,1771300371.0740144,0x001,3,4889500.00 Linear acceleration in x
VENTOR_ANGULAR_SPEED_X,1771300371.0740144,0x001,3,0.00 Angular speed in x
VENTOR_LINEAR_ACC_Y,1771300371.0740144,0x001,3,5631900.00 Linear acceleration in y
VENTOR_ANGULAR_SPEED_Y,1771300371.0740144,0x001,3,0.00 Angular speed in y
VENTOR_LINEAR_ACC_X,1771300371.084133,0x001,3,4889500.00 Linear acceleration in x
VENTOR_ANGULAR_SPEED_X,1771300371.084133,0x001,3,0.00 Angular speed in x
VENTOR_LINEAR_ACC_Y,1771300371.084133,0x001,3,5631900.00 Linear acceleration in y
VENTOR_ANGULAR_SPEED_Y,1771300371.084133,0x001,3,0.00 Angular speed in y
VENTOR_LINEAR_ACC_X,1771300371.0941896,0x001,3,4889500.00 Linear acceleration in x
VENTOR_ANGULAR_SPEED_X,1771300371.0941896,0x001,3,0.00 Angular speed in x
VENTOR_LINEAR_ACC_Y,1771300371.0941896,0x001,3,5631900.00 Linear acceleration in y
VENTOR_ANGULAR_SPEED_Y,1771300371.0941896,0x001,3,0.00 Angular speed in y
VENTOR_LINEAR_ACC_X,1771300371.1043005,0x001,3,4889500.00 Linear acceleration in x
VENTOR_ANGULAR_SPEED_X,1771300371.1043005,0x001,3,0.00 Angular speed in x
VENTOR_LINEAR_ACC_Y,1771300371.1043005,0x001,3,5631900.00 Linear acceleration in y
VENTOR_ANGULAR_SPEED_Y,1771300371.1043005,0x001,3,0.00 Angular speed in y
VENTOR_LINEAR_ACC_X,1771300371.1144016,0x001,3,4889500.00 Linear acceleration in x
VENTOR_ANGULAR_SPEED_X,1771300371.1144016,0x001,3,0.00 Angular speed in x
VENTOR_LINEAR_ACC_Y,1771300371.1144016,0x001,3,5631900.00 Linear acceleration in y
VENTOR_ANGULAR_SPEED_Y,1771300371.1144016,0x001,3,0.00 Angular speed in y
VENTOR_LINEAR_ACC_X,1771300371.124559,0x001,3,4889500.00 Linear acceleration in x
VENTOR_ANGULAR_SPEED_X,1771300371.124559,0x001,3,0.00 Angular speed in x
VENTOR_LINEAR_ACC_Y,1771300371.124559,0x001,3,5631900.00 Linear acceleration in y
VENTOR_ANGULAR_SPEED_Y,1771300371.124559,0x001,3,0.00 Angular speed in y
VENTOR_LINEAR_ACC_X,1771300371.1352167,0x001,3,4889500.00 Linear acceleration in x
VENTOR_ANGULAR_SPEED_X,1771300371.1352167,0x001,3,0.00 Angular speed in x
VENTOR_LINEAR_ACC_Y,1771300371.1352167,0x001,3,5631900.00 Linear acceleration in y
VENTOR_ANGULAR_SPEED_Y,1771300371.1352167,0x001,3,0.00 Angular speed in y
VENTOR_LINEAR_ACC_X,1771300371.1452854,0x001,3,4889500.00 Linear acceleration in x
VENTOR_ANGULAR_SPEED_X,1771300371.1452854,0x001,3,0.00 Angular speed in x
VENTOR_LINEAR_ACC_Y,1771300371.1452854,0x001,3,5631900.00 Linear acceleration in y
VENTOR_ANGULAR_SPEED_Y,1771300371.1452854,0x001,3,0.00 Angular speed in y
VENTOR_LINEAR_ACC_X,1771300371.155389,0x001,3,4889500.00 Linear acceleration in x
VENTOR_ANGULAR_SPEED_X,1771300371.155389,0x001,3,0.00 Angular speed in x
VENTOR_LINEAR_ACC_Y,1771300371.155389,0x001,3,5631900.00 Linear acceleration in y
VENTOR_ANGULAR_SPEED_Y,1771300371.155389,0x001,3,0.00 Angular speed in y
VENTOR_LINEAR_ACC_X,1771300371.1654477,0x001,3,4889500.00 Linear acceleration in x
VENTOR_ANGULAR_SPEED_X,1771300371.1654477,0x001,3,0.00 Angular speed in x
VENTOR_LINEAR_ACC_Y,1771300371.1654477,0x001,3,5631900.00 Linear acceleration in y
VENTOR_ANGULAR_SPEED_Y,1771300371.1654477,0x001,3,0.00 Angular speed in y
VENTOR_LINEAR_ACC_X,1771300371.1755903,0x001,3,4889500.00 Linear acceleration in x
VENTOR_ANGULAR_SPEED_X,1771300371.1755903,0x001,3,0.00 Angular speed in x
VENTOR_LINEAR_ACC_Y,1771300371.1755903,0x001,3,5631900.00 Linear acceleration in y
VENTOR_ANGULAR_SPEED_Y,1771300371.1755903,0x001,3,0.00 Angular speed in y
VENTOR_LINEAR_ACC_X,1771300371.1857,0x001,3,4889500.00 Linear acceleration in x
VENTOR_ANGULAR_SPEED_X,1771300371.1857,0x001,3,0.00 Angular speed in x
VENTOR_LINEAR_ACC_Y,1771300371.1857,0x001,3,5631900.00 Linear acceleration in y
VENTOR_ANGULAR_SPEED_Y,1771300371.1857,0x001,3,0.00 Angular speed in y
VENTOR_LINEAR_ACC_X,1771300371.1957846,0x001,3,4889500.00 Linear acceleration in x
VENTOR_ANGULAR_SPEED_X,1771300371.1957846,0x001,3,0.00 Angular speed in x
VENTOR_LINEAR_ACC_Y,1771300371.1957846,0x001,3,5631900.00 Linear acceleration in y
VENTOR_ANGULAR_SPEED_Y,1771300371.1957846,0x001,3,0.00 Angular speed in y
VENTOR_LINEAR_ACC_X,1771300371.205916,0x001,3,4889500.00 Linear acceleration in x
VENTOR_ANGULAR_SPEED_X,1771300371.205916,0x001,3,0.00 Angular speed in x
VENTOR_LINEAR_ACC_Y,1771300371.205916,0x001,3,5631900.00 Linear acceleration in y
VENTOR_ANGULAR_SPEED_Y,1771300371.205916,0x001,3,0.00 Angular speed in y
VENTOR_LINEAR_ACC_X,1771300371.216032,0x001,3,4889500.00 Linear acceleration in x
VENTOR_ANGULAR_SPEED_X,1771300371.216032,0x001,3,0.00 Angular speed in x
VENTOR_LINEAR_ACC_Y,1771300371.216032,0x001,3,5631900.00 Linear acceleration in y
VENTOR_ANGULAR_SPEED_Y,1771300371.216032,0x001,3,0.00 Angular speed in y
VENTOR_LINEAR_ACC_X,1771300371.226113,0x001,3,4889500.00 Linear acceleration in x
VENTOR_ANGULAR_SPEED_X,1771300371.226113,0x001,3,0.00 Angular speed in x
VENTOR_LINEAR_ACC_Y,1771300371.226113,0x001,3,5631900.00 Linear acceleration in y
VENTOR_ANGULAR_SPEED_Y,1771300371.226113,0x001,3,0.00 Angular speed in y
VENTOR_LINEAR_ACC_X,1771300371.2362127,0x001,3,4889500.00 Linear acceleration in x
VENTOR_ANGULAR_SPEED_X,1771300371.2362127,0x001,3,0.00 Angular speed in x
VENTOR_LINEAR_ACC_Y,1771300371.2362127,0x001,3,5631900.00 Linear acceleration in y
VENTOR_ANGULAR_SPEED_Y,1771300371.2362127,0x001,3,0.00 Angular speed in y
VENTOR_LINEAR_ACC_X,1771300371.2463326,0x001,3,4889500.00 Linear acceleration in x
VENTOR_ANGULAR_SPEED_X,1771300371.2463326,0x001,3,0.00 Angular speed in x
VENTOR_LINEAR_ACC_Y,1771300371.2463326,0x001,3,5631900.00 Linear acceleration in y
VENTOR_ANGULAR_SPEED_Y,1771300371.2463326,0x001,3,0.00 Angular speed in y
VENTOR_LINEAR_ACC_X,1771300371.2564228,0x001,3,4863900.00 Linear acceleration in x
VENTOR_ANGULAR_SPEED_X,1771300371.2564228,0x001,3,0.00 Angular speed in x
VENTOR_LINEAR_ACC_Y,1771300371.2564228,0x001,3,5631900.00 Linear acceleration in y
VENTOR_ANGULAR_SPEED_Y,1771300371.2564228,0x001,3,0.00 Angular speed in y
VENTOR_LINEAR_ACC_X,1771300371.2665472,0x001,3,4889500.00 Linear acceleration in x
VENTOR_ANGULAR_SPEED_X,1771300371.2665472,0x001,3,0.00 Angular speed in x
VENTOR_LINEAR_ACC_Y,1771300371.2665472,0x001,3,5631900.00 Linear acceleration in y
VENTOR_ANGULAR_SPEED_Y,1771300371.2665472,0x001,3,0.00 Angular speed in y
VENTOR_LINEAR_ACC_X,1771300371.2766254,0x001,3,4889500.00 Linear acceleration in x
VENTOR_ANGULAR_SPEED_X,1771300371.2766254,0x001,3,0.00 Angular speed in x
VENTOR_LINEAR_ACC_Y,1771300371.2766254,0x001,3,5631900.00 Linear acceleration in y
VENTOR_ANGULAR_SPEED_Y,1771300371.2766254,0x001,3,0.00 Angular speed in y
VENTOR_LINEAR_ACC_X,1771300371.2867296,0x001,3,4889500.00 Linear acceleration in x
VENTOR_ANGULAR_SPEED_X,1771300371.2867296,0x001,3,0.00 Angular speed in x
VENTOR_LINEAR_ACC_Y,1771300371.2867296,0x001,3,5631900.00 Linear acceleration in y
VENTOR_ANGULAR_SPEED_Y,1771300371.2867296,0x001,3,0.00 Angular speed in y
VENTOR_LINEAR_ACC_X,1771300371.2968197,0x001,3,4889500.00 Linear acceleration in x
VENTOR_ANGULAR_SPEED_X,1771300371.2968197,0x001,3,0.00 Angular speed in x
VENTOR_LINEAR_ACC_Y,1771300371.2968197,0x001,3,5631900.00 Linear acceleration in y
VENTOR_ANGULAR_SPEED_Y,1771300371.2968197,0x001,3,0.00 Angular speed in y
VENTOR_LINEAR_ACC_X,1771300371.306939,0x001,3,4889500.00 Linear acceleration in x
VENTOR_ANGULAR_SPEED_X,1771300371.306939,0x001,3,0.00 Angular speed in x
VENTOR_LINEAR_ACC_Y,1771300371.306939,0x001,3,5631900.00 Linear acceleration in y
VENTOR_ANGULAR_SPEED_Y,1771300371.306939,0x001,3,0.00 Angular speed in y
VENTOR_LINEAR_ACC_X,1771300371.3170145,0x001,3,4889500.00 Linear acceleration in x
VENTOR_ANGULAR_SPEED_X,1771300371.3170145,0x001,3,0.00 Angular speed in x
VENTOR_LINEAR_ACC_Y,1771300371.3170145,0x001,3,5631900.00 Linear acceleration in y
VENTOR_ANGULAR_SPEED_Y,1771300371.3170145,0x001,3,0.00 Angular speed in y
VENTOR_LINEAR_ACC_X,1771300371.3274906,0x001,3,4889500.00 Linear acceleration in x
VENTOR_ANGULAR_SPEED_X,1771300371.3274906,0x001,3,0.00 Angular speed in x
VENTOR_LINEAR_ACC_Y,1771300371.3274906,0x001,3,5631900.00 Linear acceleration in y
VENTOR_ANGULAR_SPEED_Y,1771300371.3274906,0x001,3,0.00 Angular speed in y
VENTOR_LINEAR_ACC_X,1771300371.3375978,0x001,3,4889500.00 Linear acceleration in x
VENTOR_ANGULAR_SPEED_X,1771300371.3375978,0x001,3,0.00 Angular speed in x
VENTOR_LINEAR_ACC_Y,1771300371.3375978,0x001,3,5631900.00 Linear acceleration in y
VENTOR_ANGULAR_SPEED_Y,1771300371.3375978,0x001,3,0.00 Angular speed in y
VENTOR_LINEAR_ACC_X,1771300371.347848,0x001,3,4889500.00 Linear acceleration in x
VENTOR_ANGULAR_SPEED_X,1771300371.347848,0x001,3,0.00 Angular speed in x
VENTOR_LINEAR_ACC_Y,1771300371.347848,0x001,3,5631900.00 Linear acceleration in y
VENTOR_ANGULAR_SPEED_Y,1771300371.347848,0x001,3,0.00 Angular speed in y
VENTOR_LINEAR_ACC_X,1771300371.3579693,0x001,3,4863900.00 Linear acceleration in x
VENTOR_ANGULAR_SPEED_X,1771300371.3579693,0x001,3,0.00 Angular speed in x
VENTOR_LINEAR_ACC_Y,1771300371.3579693,0x001,3,5631900.00 Linear acceleration in y
VENTOR_ANGULAR_SPEED_Y,1771300371.3579693,0x001,3,0.00 Angular speed in y
VENTOR_LINEAR_ACC_X,1771300371.3680756,0x001,3,4889500.00 Linear acceleration in x
VENTOR_ANGULAR_SPEED_X,1771300371.3680756,0x001,3,0.00 Angular speed in x
VENTOR_LINEAR_ACC_Y,1771300371.3680756,0x001,3,5631900.00 Linear acceleration in y
VENTOR_ANGULAR_SPEED_Y,1771300371.3680756,0x001,3,0.00 Angular speed in y
VENTOR_LINEAR_ACC_X,1771300371.3781571,0x001,3,4889500.00 Linear acceleration in x
VENTOR_ANGULAR_SPEED_X,1771300371.3781571,0x001,3,0.00 Angular speed in x
VENTOR_LINEAR_ACC_Y,1771300371.3781571,0x001,3,5631900.00 Linear acceleration in y
VENTOR_ANGULAR_SPEED_Y,1771300371.3781571,0x001,3,0.00 Angular speed in y
VENTOR_LINEAR_ACC_X,1771300371.3882585,0x001,3,4889500.00 Linear acceleration in x
VENTOR_ANGULAR_SPEED_X,1771300371.3882585,0x001,3,0.00 Angular speed in x
VENTOR_LINEAR_ACC_Y,1771300371.3882585,0x001,3,5631900.00 Linear acceleration in y
VENTOR_ANGULAR_SPEED_Y,1771300371.3882585,0x001,3,0.00 Angular speed in y
VENTOR_LINEAR_ACC_X,1771300371.3983696,0x001,3,4889500.00 Linear acceleration in x
VENTOR_ANGULAR_SPEED_X,1771300371.3983696,0x001,3,0.00 Angular speed in x
VENTOR_LINEAR_ACC_Y,1771300371.3983696,0x001,3,5631900.00 Linear acceleration in y
VENTOR_ANGULAR_SPEED_Y,1771300371.3983696,0x001,3,0.00 Angular speed in y
VENTOR_LINEAR_ACC_X,1771300371.408491,0x001,3,4889500.00 Linear acceleration in x
VENTOR_ANGULAR_SPEED_X,1771300371.408491,0x001,3,0.00 Angular speed in x
VENTOR_LINEAR_ACC_Y,1771300371.408491,0x001,3,5631900.00 Linear acceleration in y
VENTOR_ANGULAR_SPEED_Y,1771300371.408491,0x001,3,0.00 Angular speed in y
VENTOR_LINEAR_ACC_X,1771300371.4185767,0x001,3,4889500.00 Linear acceleration in x
VENTOR_ANGULAR_SPEED_X,1771300371.4185767,0x001,3,0.00 Angular speed in x
VENTOR_LINEAR_ACC_Y,1771300371.4185767,0x001,3,5631900.00 Linear acceleration in y
VENTOR_ANGULAR_SPEED_Y,1771300371.4185767,0x001,3,0.00 Angular speed in y
VENTOR_LINEAR_ACC_X,1771300371.4286685,0x001,3,4889500.00 Linear acceleration in x
VENTOR_ANGULAR_SPEED_X,1771300371.4286685,0x001,3,0.00 Angular speed in x
VENTOR_LINEAR_ACC_Y,1771300371.4286685,0x001,3,5631900.00 Linear acceleration in y
VENTOR_ANGULAR_SPEED_Y,1771300371.4286685,0x001,3,0.00 Angular speed in y
VENTOR_LINEAR_ACC_X,1771300371.4387586,0x001,3,4889500.00 Linear acceleration in x
VENTOR_ANGULAR_SPEED_X,1771300371.4387586,0x001,3,0.00 Angular speed in x
VENTOR_LINEAR_ACC_Y,1771300371.4387586,0x001,3,5631900.00 Linear acceleration in y
VENTOR_ANGULAR_SPEED_Y,1771300371.4387586,0x001,3,0.00 Angular speed in y
VENTOR_LINEAR_ACC_X,1771300371.4488447,0x001,3,4889500.00 Linear acceleration in x
VENTOR_ANGULAR_SPEED_X,1771300371.4488447,0x001,3,0.00 Angular speed in x
VENTOR_LINEAR_ACC_Y,1771300371.4488447,0x001,3,5631900.00 Linear acceleration in y
VENTOR_ANGULAR_SPEED_Y,1771300371.4488447,0x001,3,0.00 Angular speed in y
VENTOR_LINEAR_ACC_X,1771300371.4589684,0x001,3,4889500.00 Linear acceleration in x
VENTOR_ANGULAR_SPEED_X,1771300371.4589684,0x001,3,0.00 Angular speed in x
VENTOR_LINEAR_ACC_Y,1771300371.4589684,0x001,3,5631900.00 Linear acceleration in y
VENTOR_ANGULAR_SPEED_Y,1771300371.4589684,0x001,3,0.00 Angular speed in y
VENTOR_LINEAR_ACC_X,1771300371.469054,0x001,3,4889500.00 Linear acceleration in x
VENTOR_ANGULAR_SPEED_X,1771300371.469054,0x001,3,0.00 Angular speed in x
VENTOR_LINEAR_ACC_Y,1771300371.469054,0x001,3,5631900.00 Linear acceleration in y
VENTOR_ANGULAR_SPEED_Y,1771300371.469054,0x001,3,0.00 Angular speed in y
VENTOR_LINEAR_ACC_X,1771300371.4791274,0x001,3,4889500.00 Linear acceleration in x
VENTOR_ANGULAR_SPEED_X,1771300371.4791274,0x001,3,0.00 Angular speed in x
VENTOR_LINEAR_ACC_Y,1771300371.4791274,0x001,3,5631900.00 Linear acceleration in y
VENTOR_ANGULAR_SPEED_Y,1771300371.4791274,0x001,3,0.00 Angular speed in y
VENTOR_LINEAR_ACC_X,1771300371.489263,0x001,3,4889500.00 Linear acceleration in x
VENTOR_ANGULAR_SPEED_X,1771300371.489263,0x001,3,0.00 Angular speed in x
VENTOR_LINEAR_ACC_Y,1771300371.489263,0x001,3,5631900.00 Linear acceleration in y
VENTOR_ANGULAR_SPEED_Y,1771300371.489263,0x001,3,0.00 Angular speed in y
VENTOR_LINEAR_ACC_X,1771300371.5003521,0x001,3,4863900.00 Linear acceleration in x
VENTOR_ANGULAR_SPEED_X,1771300371.5003521,0x001,3,0.00 Angular speed in x
VENTOR_LINEAR_ACC_Y,1771300371.5003521,0x001,3,5631900.00 Linear acceleration in y
VENTOR_ANGULAR_SPEED_Y,1771300371.5003521,0x001,3,0.00 Angular speed in y
VENTOR_LINEAR_ACC_X,1771300371.510433,0x001,3,4889500.00 Linear acceleration in x
VENTOR_ANGULAR_SPEED_X,1771300371.510433,0x001,3,0.00 Angular speed in x
VENTOR_LINEAR_ACC_Y,1771300371.510433,0x001,3,5631900.00 Linear acceleration in y
VENTOR_ANGULAR_SPEED_Y,1771300371.510433,0x001,3,0.00 Angular speed in y
VENTOR_LINEAR_ACC_X,1771300371.5206761,0x001,3,4889500.00 Linear acceleration in x
VENTOR_ANGULAR_SPEED_X,1771300371.5206761,0x001,3,0.00 Angular speed in x
VENTOR_LINEAR_ACC_Y,1771300371.5206761,0x001,3,5631900.00 Linear acceleration in y
VENTOR_ANGULAR_SPEED_Y,1771300371.5206761,0x001,3,0.00 Angular speed in y
VENTOR_LINEAR_ACC_X,1771300371.5309904,0x001,3,4889500.00 Linear acceleration in x
VENTOR_ANGULAR_SPEED_X,1771300371.5309904,0x001,3,0.00 Angular speed in x
VENTOR_LINEAR_ACC_Y,1771300371.5309904,0x001,3,5631900.00 Linear acceleration in y
VENTOR_ANGULAR_SPEED_Y,1771300371.5309904,0x001,3,0.00 Angular speed in y
VENTOR_LINEAR_ACC_X,1771300371.5410643,0x001,3,4889500.00 Linear acceleration in x
VENTOR_ANGULAR_SPEED_X,1771300371.5410643,0x001,3,0.00 Angular speed in x
VENTOR_LINEAR_ACC_Y,1771300371.5410643,0x001,3,5631900.00 Linear acceleration in y
VENTOR_ANGULAR_SPEED_Y,1771300371.5410643,0x001,3,0.00 Angular speed in y
VENTOR_LINEAR_ACC_X,1771300371.5511532,0x001,3,4889500.00 Linear acceleration in x
VENTOR_ANGULAR_SPEED_X,1771300371.5511532,0x001,3,0.00 Angular speed in x
VENTOR_LINEAR_ACC_Y,1771300371.5511532,0x001,3,5631900.00 Linear acceleration in y
VENTOR_ANGULAR_SPEED_Y,1771300371.5511532,0x001,3,0.00 Angular speed in y
